{
    "arena_size": [
        530,
        405
    ],
    "arena_vertices": [
        [
            4,
            138
        ],
        [
            35,
            139
        ],
        [
            37,
            31
        ],
        [
            64,
            5
        ],
        [
            467,
            6
        ],
        [
            491,
            29
        ],
        [
            491,
            140
        ],
        [
            522,
            138
        ],
        [
            525,
            266
        ],
        [
            495,
            264
        ],
        [
            496,
            381
        ],
        [
            474,
            403
        ],
        [
            55,
            403
        ],
        [
            31,
            378
        ],
        [
            31,
            267
        ],
        [
            4,
            264
        ]
    ],
    "warp_matrix": [
        [
            1.0396276418914063,
            0.005263937427298282,
            -183.12711915827919
        ],
        [
            0.003928593120155253,
            1.0391128802810619,
            -30.825705917298123
        ],
        [
            5.301851565679721e-05,
            9.931957409996762e-06,
            1.0
        ]
    ]
}