{
    "arena_size": [
        529,
        410
    ],
    "arena_vertices": [
        [
            30,
            27
        ],
        [
            52,
            4
        ],
        [
            477,
            3
        ],
        [
            499,
            28
        ],
        [
            497,
            140
        ],
        [
            528,
            142
        ],
        [
            527,
            268
        ],
        [
            501,
            269
        ],
        [
            501,
            386
        ],
        [
            479,
            409
        ],
        [
            47,
            409
        ],
        [
            26,
            385
        ],
        [
            28,
            268
        ],
        [
            5,
            269
        ],
        [
            1,
            140
        ],
        [
            30,
            140
        ]
    ],
    "warp_matrix": [
        [
            0.9897199171829126,
            -0.0024080776573794167,
            -141.46493006040726
        ],
        [
            -0.003824410654568853,
            1.0039077968243024,
            -26.55861979065282
        ],
        [
            -2.7629574130251878e-05,
            2.35746193383658e-05,
            1.0
        ]
    ]
}