{
    "arena_size": [
        532,
        410
    ],
    "arena_vertices": [
        [
            0,
            137
        ],
        [
            29,
            139
        ],
        [
            27,
            23
        ],
        [
            53,
            6
        ],
        [
            486,
            9
        ],
        [
            504,
            26
        ],
        [
            504,
            137
        ],
        [
            531,
            141
        ],
        [
            531,
            267
        ],
        [
            504,
            269
        ],
        [
            504,
            385
        ],
        [
            483,
            409
        ],
        [
            54,
            408
        ],
        [
            31,
            387
        ],
        [
            29,
            268
        ],
        [
            2,
            267
        ]
    ],
    "warp_matrix": [
        [
            0.9983257584341741,
            -0.0048580328877575315,
            -81.65867481031646
        ],
        [
            0.017691340947934318,
            1.0221663658806517,
            -44.38167732471798
        ],
        [
            -4.348747931833313e-05,
            6.269029153377e-05,
            1.0
        ]
    ]
}